板块类型,板块代码,板块名称
同花顺行业,881121,半导体
同花顺行业,881273,白酒
同花顺行业,881131,白色家电
同花顺行业,881156,保险
同花顺行业,881138,包装印刷
同花顺行业,881174,厨卫电器
同花顺行业,881281,电池
同花顺行业,881277,电机
同花顺行业,881145,电力
同花顺行业,881278,电网设备
同花顺行业,881283,多元金融
同花顺行业,881172,电子化学品
同花顺行业,881153,房地产
同花顺行业,881280,风电设备
同花顺行业,881167,非金属材料
同花顺行业,881136,服装家纺
同花顺行业,881135,纺织制造
同花顺行业,881268,工程机械
同花顺行业,881279,光伏设备
同花顺行业,881169,贵金属
同花顺行业,881269,轨交设备
同花顺行业,881148,港口航运
同花顺行业,881149,公路铁路运输
同花顺行业,881112,钢铁
同花顺行业,881122,光学光电子
同花顺行业,881168,工业金属
同花顺行业,881284,环保设备
同花顺行业,881181,环境治理
同花顺行业,881177,互联网电商
同花顺行业,881132,黑色家电
同花顺行业,881264,化学纤维
同花顺行业,881108,化学原料
同花顺行业,881109,化学制品
同花顺行业,881140,化学制药
同花顺行业,881271,IT服务
同花顺行业,881151,机场航运
同花顺行业,881276,军工电子
同花顺行业,881166,军工装备
同花顺行业,881139,家居用品
同花顺行业,881130,计算机设备
同花顺行业,881114,金属新材料
同花顺行业,881178,教育
同花顺行业,881115,建筑材料
同花顺行业,881116,建筑装饰
同花顺行业,881158,零售
同花顺行业,881160,旅游及酒店
同花顺行业,881182,美容护理
同花顺行业,881105,煤炭开采加工
同花顺行业,881159,贸易
同花顺行业,881103,农产品加工
同花顺行业,881263,农化制品
同花顺行业,881267,能源金属
同花顺行业,881128,汽车服务及其他
同花顺行业,881126,汽车零部件
同花顺行业,881125,汽车整车
同花顺行业,881282,其他电源设备
同花顺行业,881123,其他电子
同花顺行业,881179,其他社会服务
同花顺行业,881272,软件开发
同花顺行业,881146,燃气
同花顺行业,881265,塑料制品
同花顺行业,881134,食品加工制造
同花顺行业,881142,生物制品
同花顺行业,881180,石油加工贸易
同花顺行业,881162,通信服务
同花顺行业,881129,通信设备
同花顺行业,881117,通用设备
同花顺行业,881164,文化传媒
同花顺行业,881152,物流
同花顺行业,881124,消费电子
同花顺行业,881173,小家电
同花顺行业,881170,小金属
同花顺行业,881266,橡胶制品
同花顺行业,881270,元件
同花顺行业,881175,医疗服务
同花顺行业,881144,医疗器械
同花顺行业,881133,饮料制造
同花顺行业,881107,油气开采及服务
同花顺行业,881274,影视院线
同花顺行业,881275,游戏
同花顺行业,881155,银行
同花顺行业,881143,医药商业
同花顺行业,881102,养殖业
同花顺行业,881171,自动化设备
同花顺行业,881165,综合
同花顺行业,881157,证券
同花顺行业,881141,中药
同花顺行业,881118,专用设备
同花顺行业,881137,造纸
同花顺行业,881101,种植业与林业
同花顺概念,308614,阿尔茨海默概念
同花顺概念,309121,AI PC
同花顺概念,309120,AI手机
同花顺概念,309126,AI语料
同花顺概念,301558,阿里巴巴概念
同花顺概念,300800,安防
同花顺概念,301496,白酒概念
同花顺概念,309084,BC电池
同花顺概念,301259,百度概念
同花顺概念,305376,丙烯酸
同花顺概念,307550,冰雪产业
同花顺概念,308972,比亚迪概念
同花顺概念,300018,参股保险
同花顺概念,306912,宁德时代概念
同花顺概念,300100,参股券商
同花顺概念,300157,草甘膦
同花顺概念,301270,参股银行
同花顺概念,309094,长安汽车概念
同花顺概念,308432,长三角一体化
同花顺概念,308969,超超临界发电
同花顺概念,309056,超导概念
同花顺概念,300926,超级电容
同花顺概念,306750,超级品牌
同花顺概念,300163,车联网(车路协同)
同花顺概念,309045,成飞概念
同花顺概念,300786,充电桩
同花顺概念,308588,宠物经济
同花顺概念,308822,重组蛋白
同花顺概念,308753,抽水蓄能
同花顺概念,301016,传感器
同花顺概念,300168,创投
同花顺概念,308014,创新药
同花顺概念,306380,储能
同花顺概念,307940,存储芯片
同花顺概念,301123,大豆
同花顺概念,300013,大飞机
同花顺概念,308696,代糖概念
同花顺概念,307816,国家大基金持股
同花顺概念,300733,锂电池概念
同花顺概念,302027,电子竞技
同花顺概念,308869,电子身份证
同花顺概念,309115,低空经济
同花顺概念,308700,第三代半导体
同花顺概念,301623,地下管网
同花顺概念,308477,电力物联网
同花顺概念,307822,动力电池回收
同花顺概念,308828,东数西算(算力)
同花顺概念,308537,动物疫苗
同花顺概念,308366,抖音概念(字节概念)
同花顺概念,309093,短剧游戏
同花顺概念,308002,独角兽概念
同花顺概念,309104,多模态AI
同花顺概念,301135,电子纸
同花顺概念,308803,EDR概念
同花顺概念,309058,ERP概念
同花顺概念,300891,三胎概念
同花顺概念,308555,ETC
同花顺概念,308850,俄乌冲突概念
同花顺概念,308977,F5G概念
同花顺概念,308572,仿制药一致性评价
同花顺概念,301174,钒电池
同花顺概念,309113,飞行汽车(eVTOL)
同花顺概念,300200,风电
同花顺概念,308438,芬太尼
同花顺概念,300085,氟化工概念
同花顺概念,301236,福建自贸区
同花顺概念,307954,富士康概念
同花顺概念,308708,辅助生殖
同花顺概念,308991,钙钛矿电池
同花顺概念,308915,肝炎概念
同花顺概念,300890,高端装备
同花顺概念,309124,高股息精选
同花顺概念,301518,高铁
同花顺概念,308806,高压快充
同花顺概念,309023,高压氧舱
同花顺概念,309049,共封装光学(CPO)
同花顺概念,308732,共同富裕示范区
同花顺概念,301477,工业大麻
同花顺概念,301780,工业互联网
同花顺概念,300941,工业母机
同花顺概念,302154,股权转让(并购重组)
同花顺概念,301630,广东自贸区
同花顺概念,301079,光伏概念
同花顺概念,309085,光刻机
同花顺概念,308582,光刻胶
同花顺概念,300223,光热发电
同花顺概念,300221,固废处理
同花顺概念,308829,硅能源
同花顺概念,308531,国产操作系统
同花顺概念,300082,军工
同花顺概念,309034,国企改革
同花顺概念,308874,国资云
同花顺概念,308294,固态电池
同花顺概念,302174,金属钴
同花顺概念,302166,共享单车
同花顺概念,301669,供销社
同花顺概念,300105,海工装备
同花顺概念,308428,海南自贸区
同花顺概念,300066,海峡两岸
同花顺概念,301470,航空发动机
同花顺概念,300236,国产航母
同花顺概念,300973,航运概念
同花顺概念,309051,毫米波雷达
同花顺概念,309129,合成生物
同花顺概念,300238,核电
同花顺概念,308547,黑龙江自贸区
同花顺概念,300087,横琴新区
同花顺概念,301424,核污染防治
同花顺概念,301209,互联网金融
同花顺概念,308731,鸿蒙概念
同花顺概念,308941,猴痘概念
同花顺概念,301104,化肥
同花顺概念,308775,换电概念
同花顺概念,300248,黄金概念
同花顺概念,308202,环氧丙烷
同花顺概念,301459,华为概念
同花顺概念,308527,华为海思概念股
同花顺概念,308883,华为鲲鹏
同花顺概念,308887,华为欧拉
同花顺概念,308507,华为汽车
同花顺概念,309090,华为昇腾
同花顺概念,301490,沪股通
同花顺概念,301628,互联网保险
同花顺概念,309081,减肥药
同花顺概念,309000,减速器
同花顺概念,300261,建筑节能
同花顺概念,308885,家庭医生
同花顺概念,300814,家用电器
同花顺概念,300061,京津冀一体化
同花顺概念,301032,净水概念
同花顺概念,301107,金属回收
同花顺概念,308864,金属铅
同花顺概念,301582,金属锌
同花顺概念,300816,机器人概念
同花顺概念,301258,机器视觉
同花顺概念,301146,基因测序
同花顺概念,309128,军工信息化
同花顺概念,301786,军民融合
同花顺概念,300269,举牌
同花顺概念,308699,科创次新股
同花顺概念,301117,可降解塑料
同花顺概念,309108,可控核聚变
同花顺概念,300277,可燃冰
同花顺概念,309066,空间计算
同花顺概念,309007,空气能热泵
同花顺概念,308659,快手概念
同花顺概念,301564,跨境电商
同花顺概念,308566,垃圾分类
同花顺概念,301179,冷链物流
同花顺概念,301248,两轮车
同花顺概念,308956,粮食概念
同花顺概念,300830,量子科技
同花顺概念,300098,磷化工
同花顺概念,300038,流感
同花顺概念,308926,露营经济
同花顺概念,308760,绿色电力
同花顺概念,300923,生态农业
同花顺概念,301223,旅游概念
同花顺概念,308893,毛发医疗
同花顺概念,302150,蚂蚁集团概念
同花顺概念,300084,煤化工概念
同花顺概念,308716,煤炭概念
同花顺概念,308657,免税店
同花顺概念,308834,民爆概念
同花顺概念,308628,MiniLED
同花顺概念,301346,民营医院
同花顺概念,301096,钠离子电池
同花顺概念,308535,脑机接口
同花顺概念,308748,NFT概念
同花顺概念,301511,金属镍
同花顺概念,301632,农村电商
同花顺概念,301306,农机
同花顺概念,308016,农业种植
同花顺概念,301154,OLED
同花顺概念,308832,PCB概念
同花顺概念,309105,PEEK材料
同花顺概念,308774,培育钻石
同花顺概念,309030,PET铜箔
同花顺概念,301497,啤酒概念
同花顺概念,308709,拼多多概念
同花顺概念,300309,苹果概念
同花顺概念,300134,PM2.5
同花顺概念,309040,POE胶膜
同花顺概念,301624,PPP概念
同花顺概念,308694,汽车拆解概念
同花顺概念,301471,汽车电子
同花顺概念,308805,汽车热管理
同花顺概念,308725,汽车芯片
同花顺概念,300220,期货概念
同花顺概念,301794,青蒿素
同花顺概念,308491,氢能源
同花顺概念,300075,禽流感
同花顺概念,302045,区块链
同花顺概念,301292,染料
同花顺概念,300316,燃料电池
同花顺概念,302035,人工智能
同花顺概念,309119,人形机器人
同花顺概念,308517,人造肉
同花顺概念,301166,人脸识别
同花顺概念,300900,融资融券
同花顺概念,308467,柔性屏(折叠屏)
同花顺概念,308810,柔性直流输电
同花顺概念,300983,乳业
同花顺概念,301602,赛马概念
同花顺概念,301402,上海国企改革
同花顺概念,301128,上海自贸区
同花顺概念,309130,商业航天
同花顺概念,301636,深股通
同花顺概念,300106,生物疫苗
同花顺概念,308989,生物质能发电
同花顺概念,301171,深圳国企改革
同花顺概念,300180,时空大数据
同花顺概念,307512,石墨电极
同花顺概念,300337,石墨烯
同花顺概念,300023,食品安全
同花顺概念,301050,手机游戏
同花顺概念,300345,水利
同花顺概念,307826,水泥概念
同花顺概念,308801,数据安全
同花顺概念,309037,数据确权
同花顺概念,309060,数据要素
同花顺概念,308642,数据中心(AIDC)
同花顺概念,301997,数字货币
同花顺概念,308870,数字经济
同花顺概念,308479,数字孪生
同花顺概念,309050,数字水印
同花顺概念,308525,数字乡村
同花顺概念,309118,AI视频
同花顺概念,300862,ST板块
同花顺概念,309068,算力租赁
同花顺概念,300351,钛白粉概念
同花顺概念,300795,太赫兹
同花顺概念,300931,碳交易
同花顺概念,300352,碳纤维
同花顺概念,308728,碳中和
同花顺概念,300845,特钢概念
同花顺概念,300353,特高压
同花顺概念,302010,腾讯概念
同花顺概念,302674,特色小镇
同花顺概念,301121,特斯拉概念
同花顺概念,301229,天津自贸区
同花顺概念,300358,天然气
同花顺概念,301605,体育产业
同花顺概念,301577,金属铜
同花顺概念,309127,同花顺出海50
同花顺概念,308718,同花顺漂亮100
同花顺概念,309062,同花顺中特估100
同花顺概念,309125,铜缆高速连接
同花顺概念,308901,统一大市场
同花顺概念,308992,TOPCON电池
同花顺概念,300858,土地流转
同花顺概念,308862,托育服务
同花顺概念,300925,土壤修复
同花顺概念,308630,网红经济
同花顺概念,300019,网络游戏
同花顺概念,302142,网约车
同花顺概念,308300,MCU芯片
同花顺概念,300722,卫星导航
同花顺概念,300806,文化传媒概念
同花顺概念,308791,WiFi 6
同花顺概念,300378,物联网
同花顺概念,300889,无人机
同花顺概念,301286,无人驾驶
同花顺概念,304756,无人零售
同花顺概念,300374,污水处理
同花顺概念,300723,无线充电
同花顺概念,308612,无线耳机
同花顺概念,308717,物业管理
同花顺概念,302182,雄安新区
同花顺概念,300836,乡村振兴
同花顺概念,309004,先进封装
同花顺概念,308636,消毒剂
同花顺概念,308384,消费电子概念
同花顺概念,300809,小金属概念
同花顺概念,301278,小米概念
同花顺概念,309106,小米汽车
同花顺概念,301543,细胞免疫治疗
同花顺概念,309020,信创
同花顺概念,309086,星闪概念
同花顺概念,300870,新股与次新股
同花顺概念,300386,新疆振兴
同花顺概念,300008,新能源汽车
同花顺概念,301085,芯片概念
同花顺概念,301377,信托概念
同花顺概念,300756,网络安全
同花顺概念,300841,新型城镇化
同花顺概念,309089,新型工业化
同花顺概念,301362,新型烟草(电子烟)
同花顺概念,300382,稀土永磁
同花顺概念,309042,血氧仪
同花顺概念,308761,虚拟电厂
同花顺概念,308794,虚拟数字人
同花顺概念,301699,虚拟现实
同花顺概念,308733,牙科医疗
同花顺概念,308560,烟草
同花顺概念,301576,养鸡
同花顺概念,301494,养老概念
同花顺概念,301546,央企国企改革
同花顺概念,307904,盐湖提锂
同花顺概念,301252,眼科医疗
同花顺概念,309061,液冷服务器
同花顺概念,300402,页岩气
同花顺概念,301365,一带一路
同花顺概念,300188,移动支付
同花顺概念,308712,医美概念
同花顺概念,309065,英伟达概念
同花顺概念,308984,一体化压铸
同花顺概念,301505,医疗器械概念
同花顺概念,301279,有机硅概念
同花顺概念,308818,幽门螺杆菌概念
同花顺概念,308752,元宇宙
同花顺概念,301491,粤港澳大湾区
同花顺概念,301572,玉米
同花顺概念,308634,云办公
同花顺概念,300419,云计算
同花顺概念,308624,云游戏
同花顺概念,300917,语音技术
同花顺概念,308814,预制菜
同花顺概念,301565,医药电商
同花顺概念,301227,在线教育
同花顺概念,301713,中船系
同花顺概念,302046,化债概念(AMC概念)
同花顺概念,300642,智慧城市
同花顺概念,308841,智慧灯杆
同花顺概念,308606,智慧政务
同花顺概念,301175,智能穿戴
同花顺概念,300037,智能电网
同花顺概念,300920,智能家居
同花顺概念,301797,智能物流
同花顺概念,300682,智能医疗
同花顺概念,302131,智能音箱
同花顺概念,309092,智能座舱
同花顺概念,308172,知识产权保护
同花顺概念,301539,职业教育
同花顺概念,308854,中俄贸易概念
同花顺概念,301541,中韩自贸区
同花顺概念,308690,中芯国际概念
同花顺概念,300704,中字头股票
同花顺概念,308740,专精特新
同花顺概念,300435,转基因
同花顺概念,308697,注册制次新股
同花顺概念,300451,猪肉
同花顺概念,301715,证金持股
同花顺概念,301455,摘帽
同花顺概念,305794,装配式建筑
同花顺概念,301100,足球概念
同花顺概念,302034,租售同权
同花顺概念,306398,自由贸易港
同花顺概念,300127,3D打印
同花顺概念,300843,5G
同花顺概念,309055,6G概念
同花顺概念,309269,MLCC概念
同花顺概念,309268,玻璃基板
同花顺概念,309267,2026中报预增
同花顺概念,309265,2026一季报预增
同花顺概念,309264,AI应用
同花顺概念,309261,雅下水电概念
同花顺概念,309187,中国AI 50
同花顺概念,309185,兵装重组概念
同花顺概念,309184,DeepSeek概念
同花顺概念,309183,AI智能体
同花顺概念,309182,小红书概念
同花顺概念,309177,同花顺新质50
同花顺概念,309174,IP经济(谷子经济)
同花顺概念,309170,华为盘古
同花顺概念,309169,华为数字能源
同花顺概念,309167,华为手机
同花顺概念,309164,智谱AI
同花顺概念,309155,房屋检测
同花顺概念,309154,西部大开发
同花顺概念,309152,AI眼镜
同花顺概念,309151,光纤概念
同花顺概念,309136,同花顺果指数
同花顺概念,309135,维生素
同花顺概念,309134,财税数字化
